method,iters,pnl_p05,pnl_p50,pnl_p95,dd_p50,dd_p95,dd_max,pos_pct
shuffle,5000,1841.9,1841.9,1841.9,77.74000000000001,107.53149999999998,172.20999999999958,100.0
bootstrap,5000,1500.9995,1851.2150000000001,2181.6895000000004,77.74000000000001,130.69999999999982,238.61999999999944,100.0
block(b=5),5000,1524.8284999999998,1846.17,2186.7149999999997,77.73999999999978,90.19750000000005,152.0999999999999,100.0
