method,iterations,ending_p05,ending_p50,ending_p95,pnl_p05,dd_p50_pct,dd_p95_pct,dd_max_pct,peak_dd_p50_pct,peak_dd_p95_pct,peak_dd_max_pct,loss_prob_pct,dd_gt_30_pct,dd_gt_50_pct
shuffle,5000,5789.5099999999975,5789.510000000001,5789.510000000005,4789.5099999999975,23.25,31.630900000000175,45.22199999999994,8.422798302623786,19.791931427895637,38.301159042063254,0.0,5.779999999999999,0.0
bootstrap,5000,4705.171999999999,5765.080000000004,6916.206999999999,3705.1719999999987,23.25,36.32219999999998,74.244,7.639243925758122,21.22215949768781,69.37199999999999,0.0,9.06,0.4
block(b=5),5000,4707.065500000001,5792.7,7011.7055,3707.0655000000006,23.25,27.592000000000006,56.09599999999991,7.1673106728059945,19.61770375877966,42.369020501138955,0.0,3.56,0.04
