method,iterations,ending_p05,ending_p50,ending_p95,pnl_p05,dd_p50_pct,dd_p95_pct,dd_max_pct,peak_dd_p50_pct,peak_dd_p95_pct,peak_dd_max_pct,loss_prob_pct,dd_gt_30_pct,dd_gt_50_pct
shuffle,5000,5868.039999999995,5868.039999999999,5868.040000000003,4868.039999999995,23.480000000000018,32.05920000000019,45.693000000000026,8.447106434462437,19.944067550102414,38.75785334036736,0.0,5.88,0.0
bootstrap,5000,4765.857999999999,5838.3099999999995,7040.015499999995,3765.857999999999,23.480000000000018,36.72104999999996,74.81800000000001,7.6609203026997115,21.41342561932409,70.73100000000001,0.0,9.3,0.45999999999999996
block(b=5),5000,4769.519499999998,5872.939999999995,7121.761500000004,3769.519499999997,23.480000000000018,27.729949999999985,54.965000000000096,7.172050173461839,19.714244215515475,42.56514842510763,0.0,3.54,0.04
