profile,leverage,risk_basis,sleeve_risk_pct,first_trade_portfolio_risk_pct,max_concurrent,trades,win_rate,total_pnl,final_equity,return_pct,cagr_pct,max_dd,max_dd_pct,max_dd_peak_pct,calmar,commission,slippage,funding
conservative,3,portfolio,2.0,2.0,2,244,81.9672131147541,1427.5700000000002,2427.6393156611566,142.76393156611567,34.39859256274338,79.3323941136623,7.93323941136623,3.8638330153607017,4.336008379308371,160.37169999999998,300.6965,9.249
balanced,5,portfolio,3.0,3.0,2,244,81.9672131147541,2757.02,3757.041590833911,275.70415908339106,55.458808316259265,168.8550778906174,16.88550778906174,5.772470102027945,3.2844027558463424,316.1174,592.7203999999999,18.497300000000003
growth_70_compound,10,portfolio,4.0,4.0,2,244,81.9672131147541,4789.509999999999,5789.533989523249,478.95339895232485,79.56204215748845,318.3067637756694,31.83067637756694,7.66560063419363,2.4995397902873586,561.545,1052.8968,33.226600000000005
growth_100_compound,10,portfolio,5.0,5.0,2,244,81.9672131147541,7884.49,8884.557125817808,788.4557125817807,107.11517877516026,560.5699747349281,56.05699747349281,9.543235662261369,1.9108261876817592,946.3134,1774.3388,56.45369999999999
extreme_10pct,10,portfolio,10.0,10.0,2,244,81.9672131147541,63701.04,64700.96876132373,6370.096876132374,301.4550522257191,5067.023356624792,506.7023356624792,16.412143584834883,0.5949351937199715,8638.2139,16196.651900000003,509.8099
extreme_11pct,10,portfolio,11.0,11.0,2,244,81.55737704918032,91902.84000000001,92902.82330544203,9190.282330544203,352.90763028752724,7595.327281379141,759.5327281379141,18.00961045315702,0.4646378190347673,12735.513700000001,23879.087799999998,750.7672
