profile,leverage,risk_basis,sleeve_risk_pct,first_trade_portfolio_risk_pct,max_concurrent,trades,win_rate,total_pnl,final_equity,return_pct,cagr_pct,max_dd,max_dd_pct,max_dd_peak_pct,calmar,commission,slippage,funding
conservative,3,portfolio,2.0,2.0,2,244,81.9672131147541,1444.51,2444.5039593397805,144.45039593397806,34.709093923883394,79.76562503949913,7.976562503949913,3.8651853319699994,4.351384936392813,162.12280000000004,303.981,9.3594
balanced,5,portfolio,3.0,3.0,2,244,81.9672131147541,2795.67,3795.713767944828,279.5713767944828,55.99038084377788,170.1867305282085,17.01867305282085,5.77444853045175,3.289938097406334,320.1836,600.3443,18.7543
growth_70_compound,10,portfolio,4.0,4.0,2,244,81.9672131147541,4868.04,5868.101104632977,486.81011046329775,80.37064680068322,321.568127559236,32.1568127559236,7.668173734391072,2.4993349748531326,570.0616,1068.8659,33.7686
growth_100_compound,10,portfolio,5.0,5.0,2,244,81.9672131147541,8033.719999999999,9033.713279497548,803.3713279497547,108.26778625477922,567.6046411688021,56.760464116880215,9.54637165484604,1.9074506866581638,963.1180999999999,1805.8470999999997,57.5202
extreme_10pct,10,portfolio,10.0,10.0,2,244,81.9672131147541,67440.3,68440.37041373515,6744.037041373514,309.0447131085841,5192.804973171191,519.280497317119,16.417805887478668,0.5951402271128504,9085.458700000001,17035.235099999998,537.9690999999999
extreme_11pct,10,portfolio,11.0,11.0,2,244,81.9672131147541,93998.37999999999,94998.38496033524,9399.838496033524,356.2876778157131,7788.242775923805,778.8242775923806,18.015691770057586,0.45746863325463283,13035.210499999997,24441.0206,767.6786999999999
