profile,leverage,sleeve_risk_pct,first_trade_portfolio_risk_pct,max_concurrent,trades,win_rate,total_pnl,final_equity,return_pct,cagr_pct,max_dd,max_dd_pct,calmar,commission,slippage,funding
conservative,3,2.0,0.6666666666666667,2,225,81.77777777777779,321.81999999999994,1321.8343260524055,32.18343260524055,9.746920274859372,16.209775338931195,1.6209775338931194,6.012989119873912,37.2773,69.8959,2.1057
balanced,5,3.0,1.0,2,240,81.25,521.54,1521.5128642728955,52.151286427289556,15.01607498724493,27.13221794540891,2.713221794540891,5.534407477286916,61.5014,115.3151,3.5343
aggressive,10,5.0,1.6666666666666667,2,245,81.63265306122449,1073.1399999999999,2073.105767010829,107.31057670108288,27.508896306291298,58.12099137969835,5.8120991379698355,4.733039759521402,123.91810000000001,232.34650000000005,7.171000000000001
