period,train_donchian,train_vol_mult,train_sl_mult,train_score,train_trades,train_win_rate,train_total_pnl,train_max_dd,test_trades,test_win_rate,test_total_pnl,test_max_dd
1,30,1.2,1.5,5.060567823343859,34,58.82352941176471,160.42,30.699999999999932,20,55.00000000000001,69.88,37.60000000000002
2,30,1.2,1.5,5.26841868823001,51,58.82352941176471,234.54999999999998,43.51999999999998,13,53.84615384615385,-30.80999999999998,78.60000000000002
3,20,1.2,1.5,4.534616235346159,62,58.06451612903226,205.01000000000002,44.210000000000036,18,38.88888888888889,-18.759999999999998,71.50999999999999
