period,train_donchian,train_vol_mult,train_sl_mult,train_score,train_trades,train_win_rate,train_total_pnl,train_max_dd,test_trades,test_win_rate,test_total_pnl,test_max_dd
1,30,1.2,1.5,5.060567823343859,34,58.82352941176471,160.42,30.699999999999932,13,61.53846153846154,19.660000000000007,37.60000000000002
2,15,2.0,1.5,4.747123561780888,29,65.51724137931035,189.78999999999996,38.98000000000002,6,50.0,-8.870000000000001,50.039999999999964
3,30,1.2,1.5,5.26841868823001,51,58.82352941176471,234.54999999999998,43.51999999999998,9,33.33333333333333,-71.92999999999998,78.60000000000002
4,20,1.2,1.5,4.707053590341048,60,58.333333333333336,222.22,46.20999999999981,6,66.66666666666666,19.04,8.220000000000027
5,20,1.2,1.5,4.534616235346159,62,58.06451612903226,205.01000000000002,44.210000000000036,11,18.181818181818183,-74.53999999999999,71.50999999999999
6,15,2.0,2.0,1.6519423558897206,33,60.60606060606061,52.730000000000004,30.920000000000073,4,75.0,15.54,23.65000000000009
7,30,2.0,1.5,3.4003048780487855,27,66.66666666666666,111.53,31.799999999999955,4,50.0,-2.55,4.139999999999986
