period,train_donchian,train_vol_mult,train_sl_mult,train_score,train_trades,train_win_rate,train_total_pnl,train_max_dd,test_trades,test_win_rate,test_total_pnl,test_max_dd
1,30,1.2,2.0,9.799279927992808,33,66.66666666666666,544.35,54.549999999999955,13,76.92307692307693,70.49,77.12999999999988
2,15,2.0,1.5,9.517619047619048,29,75.86206896551724,799.48,83.0,5,60.0,-17.13000000000001,106.81000000000006
3,15,1.2,1.5,10.941859552765804,67,67.16417910447761,1394.5399999999997,126.44999999999982,13,46.15384615384615,-38.98000000000001,163.20000000000005
4,20,1.5,1.5,8.275740479548661,46,71.73913043478261,821.45,98.25999999999999,6,66.66666666666666,20.320000000000018,124.87000000000012
5,20,1.2,1.5,9.199190455901157,62,69.35483870967742,1295.4300000000003,139.81999999999994,11,36.36363636363637,-159.60999999999999,119.75
6,15,2.0,2.0,4.222163727296655,33,75.75757575757575,320.79999999999995,74.98000000000002,6,83.33333333333334,127.49000000000001,61.61000000000013
7,30,1.5,1.5,6.440068861631156,35,65.71428571428571,598.54,91.94000000000005,8,75.0,40.71000000000001,58.67999999999995
