period,train_donchian,train_vol_mult,train_sl_mult,train_score,train_trades,train_win_rate,train_total_pnl,train_max_dd,test_trades,test_win_rate,test_total_pnl,test_max_dd
1,30,1.2,2.0,8.950456323337683,34,67.64705882352942,205.95,22.00999999999999,13,76.92307692307693,29.78,30.02999999999986
2,15,2.0,1.5,10.10651537335288,29,75.86206896551724,276.11,26.319999999999936,6,66.66666666666666,5.509999999999998,43.460000000000036
3,30,1.2,1.5,11.602235951750512,51,70.58823529411765,394.36,32.99000000000001,9,33.33333333333333,-49.390000000000015,71.82000000000005
4,20,1.2,1.5,10.310585305105889,60,70.0,413.97,39.149999999999864,6,83.33333333333334,38.14,2.340000000000032
5,20,1.2,1.5,10.729581151832448,62,69.35483870967742,409.87,37.200000000000045,11,45.45454545454545,-42.690000000000005,51.180000000000064
6,15,2.0,2.0,4.732775028549678,33,75.75757575757575,124.32999999999997,25.269999999999982,4,75.0,21.640000000000004,22.050000000000068
7,30,1.5,1.5,7.653646733494626,37,67.56756756756756,221.42000000000002,27.930000000000064,7,71.42857142857143,-6.880000000000001,21.909999999999968
