period,train_donchian,train_vol_mult,train_sl_mult,train_score,train_trades,train_win_rate,train_total_pnl,train_max_dd,test_trades,test_win_rate,test_total_pnl,test_max_dd
1,20,1.2,1.5,16.372543434918764,62,67.74193548387096,574.8399999999999,34.11000000000013,29,75.86206896551724,177.30999999999997,24.5
2,20,1.2,1.5,19.0550179706939,78,69.23076923076923,689.2199999999998,35.17000000000007,26,69.23076923076923,171.12,68.09000000000003
3,30,1.2,1.5,20.91669276542447,68,72.05882352941177,667.87,30.929999999999836,20,65.0,83.82000000000002,39.5
