period,train_donchian,train_vol_mult,train_sl_mult,train_score,train_trades,train_win_rate,train_total_pnl,train_max_dd,test_trades,test_win_rate,test_total_pnl,test_max_dd
1,30,1.2,1.5,5.211640211640193,34,61.76470588235294,167.45,31.13000000000011,13,61.53846153846154,20.09,37.35000000000002
2,15,2.0,1.5,4.976708074534177,29,68.96551724137932,192.29999999999998,37.63999999999987,6,50.0,-7.109999999999999,49.110000000000014
3,30,1.2,1.5,5.4432176656151565,51,58.82352941176471,241.57,43.37999999999988,9,33.33333333333333,-69.37,78.38999999999999
4,20,1.2,1.5,5.077300875507137,60,58.333333333333336,237.77,45.830000000000155,6,66.66666666666666,20.79,6.9500000000000455
5,20,1.2,1.5,4.980156075808261,62,58.06451612903226,223.36000000000004,43.84999999999991,11,18.181818181818183,-71.76,69.09000000000003
6,15,2.0,2.0,1.968989663221074,33,63.63636363636363,59.050000000000026,28.99000000000001,4,75.0,16.479999999999997,23.34999999999991
7,30,2.0,1.5,3.661654135338338,27,66.66666666666666,116.88000000000001,30.920000000000073,4,50.0,-1.71,3.810000000000059
